layer,mode,budget_B,effect_symKL,offmanifold_norm_ratio,variant,category
12,direction,4.032938003540039,1.9143716096878052,1.1587077379226685,0,P_LP
12,magnitude,4.032938003540039,0.031639281660318375,2.3911147117614746,0,P_LP
12,on_manifold_null,4.032938003540039,0.8835451602935791,0.9116856455802917,0,P_LP
12,full,4.032938003540039,1.8915681838989258,1.1911362409591675,0,P_LP
20,direction,5.484178066253662,1.9376065731048584,0.7571348547935486,0,P_LP
20,magnitude,5.484178066253662,0.014395410194993019,1.4252617359161377,0,P_LP
20,on_manifold_null,5.484178066253662,0.745686411857605,0.7301222681999207,0,P_LP
20,full,5.484178066253662,1.9345835447311401,0.7690208554267883,0,P_LP
24,direction,9.851218223571777,1.9495553970336914,0.7374554872512817,0,P_LP
24,magnitude,9.851218223571777,0.0035872934386134148,1.3817436695098877,0,P_LP
24,on_manifold_null,9.851218223571777,1.8426580429077148,0.7250320315361023,0,P_LP
24,full,9.851218223571777,1.9345873594284058,0.8035849332809448,0,P_LP
27,direction,38.730770111083984,1.2025223970413208,0.8659990429878235,0,P_LP
27,magnitude,38.730770111083984,0.004899594001471996,1.8272424936294556,0,P_LP
27,on_manifold_null,38.730770111083984,0.3474438190460205,0.8807337284088135,0,P_LP
27,full,38.730770111083984,1.180631160736084,1.0033601522445679,0,P_LP
12,direction,4.155292510986328,0.2144000083208084,1.239302635192871,1,P_LP
12,magnitude,4.155292510986328,0.026273876428604126,2.4637537002563477,1,P_LP
12,on_manifold_null,4.155292510986328,0.41329383850097656,0.7883568406105042,1,P_LP
12,full,4.155292510986328,0.24124294519424438,1.4048429727554321,1,P_LP
20,direction,6.216333389282227,0.2500830888748169,0.7617882490158081,1,P_LP
20,magnitude,6.216333389282227,0.013609941117465496,1.5382356643676758,1,P_LP
20,on_manifold_null,6.216333389282227,0.21616065502166748,0.8312357664108276,1,P_LP
20,full,6.216333389282227,0.24120450019836426,0.8079511523246765,1,P_LP
24,direction,9.228610038757324,0.18689081072807312,0.6306615471839905,1,P_LP
24,magnitude,9.228610038757324,0.015019048005342484,1.2791483402252197,1,P_LP
24,on_manifold_null,9.228610038757324,0.2939733564853668,0.6506092548370361,1,P_LP
24,full,9.228610038757324,0.18714168667793274,0.6375311613082886,1,P_LP
27,direction,37.47683334350586,0.1551429182291031,0.8686087727546692,1,P_LP
27,magnitude,37.47683334350586,0.16884063184261322,0.09245110303163528,1,P_LP
27,on_manifold_null,37.47683334350586,0.28394895792007446,0.8421168923377991,1,P_LP
27,full,37.47683334350586,0.1555984914302826,0.8081644177436829,1,P_LP
12,direction,1.7881561517715454,0.39215585589408875,1.4524105787277222,2,P_LP
12,magnitude,1.7881561517715454,0.004556660074740648,0.9087368845939636,2,P_LP
12,on_manifold_null,1.7881561517715454,0.0031235385686159134,1.0246537923812866,2,P_LP
12,full,1.7881561517715454,0.38726696372032166,1.443029522895813,2,P_LP
20,direction,2.7813875675201416,0.37895524501800537,0.9327101111412048,2,P_LP
20,magnitude,2.7813875675201416,0.011907062493264675,0.5647256374359131,2,P_LP
20,on_manifold_null,2.7813875675201416,0.0027375309728085995,0.7714980840682983,2,P_LP
20,full,2.7813875675201416,0.37972813844680786,0.9042987823486328,2,P_LP
24,direction,4.3729047775268555,0.35732364654541016,0.7325648665428162,2,P_LP
24,magnitude,4.3729047775268555,0.012723108753561974,0.4029221534729004,2,P_LP
24,on_manifold_null,4.3729047775268555,0.06420043855905533,0.6212946176528931,2,P_LP
24,full,4.3729047775268555,0.35775861144065857,0.7175469994544983,2,P_LP
27,direction,35.11872482299805,0.29079851508140564,1.1201752424240112,2,P_LP
27,magnitude,35.11872482299805,0.0432070828974247,0.1651599109172821,2,P_LP
27,on_manifold_null,35.11872482299805,0.04926973581314087,0.9155012369155884,2,P_LP
27,full,35.11872482299805,0.29735690355300903,0.9520922899246216,2,P_LP
12,direction,4.207370281219482,0.2163393199443817,1.3755508661270142,3,P_LP
12,magnitude,4.207370281219482,0.00692380266264081,2.6238555908203125,3,P_LP
12,on_manifold_null,4.207370281219482,0.1252622902393341,0.8939202427864075,3,P_LP
12,full,4.207370281219482,0.2723620533943176,1.4730859994888306,3,P_LP
20,direction,6.1745100021362305,0.19772249460220337,0.8474125862121582,3,P_LP
20,magnitude,6.1745100021362305,0.00635555200278759,1.6404756307601929,3,P_LP
20,on_manifold_null,6.1745100021362305,0.12835103273391724,0.7329334020614624,3,P_LP
20,full,6.1745100021362305,0.18631571531295776,0.8893577456474304,3,P_LP
24,direction,9.4212064743042,0.06895410269498825,0.6929560303688049,3,P_LP
24,magnitude,9.4212064743042,0.0031233865302056074,1.3674834966659546,3,P_LP
24,on_manifold_null,9.4212064743042,0.007140317931771278,0.7184180617332458,3,P_LP
24,full,9.4212064743042,0.0687064602971077,0.7152742147445679,3,P_LP
27,direction,32.95746994018555,0.0647711530327797,0.8420081734657288,3,P_LP
27,magnitude,32.95746994018555,0.0033966077025979757,1.68606436252594,3,P_LP
27,on_manifold_null,32.95746994018555,0.8958402276039124,0.8571962118148804,3,P_LP
27,full,32.95746994018555,0.06522219628095627,0.9736467003822327,3,P_LP
12,direction,1.628151774406433,0.3125203549861908,1.5343413352966309,4,P_LP
12,magnitude,1.628151774406433,0.02600829489529133,2.0193607807159424,4,P_LP
12,on_manifold_null,1.628151774406433,0.02091221511363983,1.1954312324523926,4,P_LP
12,full,1.628151774406433,0.316110759973526,1.5518317222595215,4,P_LP
20,direction,2.699354410171509,0.373823881149292,0.8425776362419128,4,P_LP
20,magnitude,2.699354410171509,0.007171499077230692,1.1633553504943848,4,P_LP
20,on_manifold_null,2.699354410171509,0.06144733726978302,0.6877803206443787,4,P_LP
20,full,2.699354410171509,0.37906795740127563,0.8476065993309021,4,P_LP
24,direction,4.51415491104126,0.3005353808403015,0.6243102550506592,4,P_LP
24,magnitude,4.51415491104126,0.004526231437921524,0.9149052500724792,4,P_LP
24,on_manifold_null,4.51415491104126,0.02955441176891327,0.5363344550132751,4,P_LP
24,full,4.51415491104126,0.29990100860595703,0.6315950155258179,4,P_LP
27,direction,31.482107162475586,0.2558697462081909,1.0229847431182861,4,P_LP
27,magnitude,31.482107162475586,0.0401066392660141,0.1708819568157196,4,P_LP
27,on_manifold_null,31.482107162475586,0.1422388255596161,0.5440210700035095,4,P_LP
27,full,31.482107162475586,0.26071950793266296,0.8720302581787109,4,P_LP
12,direction,3.3906772136688232,0.2789986729621887,1.0043973922729492,5,P_LP
12,magnitude,3.3906772136688232,0.0009418978006578982,2.0370585918426514,5,P_LP
12,on_manifold_null,3.3906772136688232,0.1791246384382248,0.9910132884979248,5,P_LP
12,full,3.3906772136688232,0.2785211205482483,1.0623983144760132,5,P_LP
20,direction,7.536954879760742,0.22085106372833252,1.0453400611877441,5,P_LP
20,magnitude,7.536954879760742,0.07745453715324402,0.047566160559654236,5,P_LP
20,on_manifold_null,7.536954879760742,0.11164745688438416,0.8629018664360046,5,P_LP
20,full,7.536954879760742,0.22082336246967316,1.0219578742980957,5,P_LP
24,direction,15.814325332641602,0.20438256859779358,0.9490156769752502,5,P_LP
24,magnitude,15.814325332641602,0.0014376828912645578,2.0603647232055664,5,P_LP
24,on_manifold_null,15.814325332641602,0.25046655535697937,1.0354328155517578,5,P_LP
24,full,15.814325332641602,0.19890785217285156,1.0181052684783936,5,P_LP
27,direction,38.05124282836914,0.18734891712665558,0.8570820689201355,5,P_LP
27,magnitude,38.05124282836914,0.001683054375462234,1.8289612531661987,5,P_LP
27,on_manifold_null,38.05124282836914,0.01817964017391205,0.9188973903656006,5,P_LP
27,full,38.05124282836914,0.18738846480846405,0.9643599390983582,5,P_LP
12,direction,3.4204416275024414,0.5508482456207275,0.9058904647827148,6,P_LP
12,magnitude,3.4204416275024414,0.0004748268984258175,1.6293472051620483,6,P_LP
12,on_manifold_null,3.4204416275024414,0.0010986557463184,0.7504796981811523,6,P_LP
12,full,3.4204416275024414,0.5489776134490967,0.9723338484764099,6,P_LP
20,direction,5.251430511474609,0.5509021878242493,0.9617157578468323,6,P_LP
20,magnitude,5.251430511474609,0.0005056408699601889,1.7013213634490967,6,P_LP
20,on_manifold_null,5.251430511474609,0.0014083029236644506,0.7107653021812439,6,P_LP
20,full,5.251430511474609,0.5498226881027222,0.9930336475372314,6,P_LP
24,direction,7.439573764801025,0.5461744070053101,1.0851038694381714,6,P_LP
24,magnitude,7.439573764801025,0.0008143793093040586,0.4089484214782715,6,P_LP
24,on_manifold_null,7.439573764801025,0.008015833795070648,0.8945732116699219,6,P_LP
24,full,7.439573764801025,0.5464577078819275,1.0841169357299805,6,P_LP
27,direction,26.511878967285156,0.5362953543663025,1.0078387260437012,6,P_LP
27,magnitude,26.511878967285156,0.0005657493020407856,0.04608745127916336,6,P_LP
27,on_manifold_null,26.511878967285156,0.20698463916778564,0.831011176109314,6,P_LP
27,full,26.511878967285156,0.5445923209190369,0.905113160610199,6,P_LP
12,direction,0.6914846897125244,0.7321277856826782,1.4899146556854248,7,P_LP
12,magnitude,0.6914846897125244,0.002316681668162346,1.6866488456726074,7,P_LP
12,on_manifold_null,0.6914846897125244,0.012386498972773552,1.3598288297653198,7,P_LP
12,full,0.6914846897125244,0.7395452260971069,1.497422456741333,7,P_LP
20,direction,1.0801165103912354,0.7200500965118408,0.9753453731536865,7,P_LP
20,magnitude,1.0801165103912354,0.0019571734592318535,1.1203532218933105,7,P_LP
20,on_manifold_null,1.0801165103912354,0.006504108663648367,0.8716228008270264,7,P_LP
20,full,1.0801165103912354,0.7112468481063843,0.9800169467926025,7,P_LP
24,direction,1.9557850360870361,0.6291075944900513,0.7176632881164551,7,P_LP
24,magnitude,1.9557850360870361,0.0009699099464341998,0.56842440366745,7,P_LP
24,on_manifold_null,1.9557850360870361,0.011463042348623276,0.62804114818573,7,P_LP
24,full,1.9557850360870361,0.6307146549224854,0.7156351208686829,7,P_LP
27,direction,20.40342903137207,0.4409915506839752,0.8831326961517334,7,P_LP
27,magnitude,20.40342903137207,0.0004574183258228004,1.4650567770004272,7,P_LP
27,on_manifold_null,20.40342903137207,0.09433306753635406,0.6855543851852417,7,P_LP
27,full,20.40342903137207,0.4352717697620392,0.9123039841651917,7,P_LP
12,direction,1.8790842294692993,1.3266795873641968,1.622585415840149,8,P_LP
12,magnitude,1.8790842294692993,0.014791655354201794,0.9909619092941284,8,P_LP
12,on_manifold_null,1.8790842294692993,0.02132640965282917,1.178876519203186,8,P_LP
12,full,1.8790842294692993,1.3027998208999634,1.6102371215820312,8,P_LP
20,direction,3.0365149974823,1.361316204071045,0.9549964666366577,8,P_LP
20,magnitude,3.0365149974823,0.01283552311360836,0.5221365094184875,8,P_LP
20,on_manifold_null,3.0365149974823,0.13576668500900269,0.7441559433937073,8,P_LP
20,full,3.0365149974823,1.3576438426971436,0.9467772245407104,8,P_LP
24,direction,6.29758358001709,1.2430710792541504,0.8245061039924622,8,P_LP
24,magnitude,6.29758358001709,0.006577781867235899,1.3227216005325317,8,P_LP
24,on_manifold_null,6.29758358001709,0.17817139625549316,0.7115192413330078,8,P_LP
24,full,6.29758358001709,1.2353328466415405,0.885530948638916,8,P_LP
27,direction,33.252628326416016,0.910179078578949,0.8868030309677124,8,P_LP
27,magnitude,33.252628326416016,0.0024715769104659557,1.730847954750061,8,P_LP
27,on_manifold_null,33.252628326416016,0.17577926814556122,0.8111926913261414,8,P_LP
27,full,33.252628326416016,0.882132351398468,1.0699995756149292,8,P_LP
12,direction,0.6847248673439026,0.2563064694404602,1.2202757596969604,9,P_LP
12,magnitude,0.6847248673439026,0.0009121916373260319,1.3806421756744385,9,P_LP
12,on_manifold_null,0.6847248673439026,0.0044845035299658775,1.0799893140792847,9,P_LP
12,full,0.6847248673439026,0.25962942838668823,1.2229228019714355,9,P_LP
20,direction,1.2414741516113281,0.2535507082939148,1.0459877252578735,9,P_LP
20,magnitude,1.2414741516113281,0.001420445740222931,0.8659464120864868,9,P_LP
20,on_manifold_null,1.2414741516113281,0.002369772642850876,0.937188982963562,9,P_LP
20,full,1.2414741516113281,0.24913787841796875,1.0453827381134033,9,P_LP
24,direction,1.999804973602295,0.14716240763664246,0.8593943119049072,9,P_LP
24,magnitude,1.999804973602295,0.00030678557232022285,0.6696600317955017,9,P_LP
24,on_manifold_null,1.999804973602295,0.0075872852467000484,0.7438785433769226,9,P_LP
24,full,1.999804973602295,0.14751410484313965,0.8577423691749573,9,P_LP
27,direction,19.070512771606445,0.07733242213726044,1.012332558631897,9,P_LP
27,magnitude,19.070512771606445,0.0024888128973543644,0.3366128206253052,9,P_LP
27,on_manifold_null,19.070512771606445,0.02204069308936596,0.817078173160553,9,P_LP
27,full,19.070512771606445,0.0781712532043457,0.9674574732780457,9,P_LP
12,direction,1.7938042879104614,0.03830243647098541,1.6273243427276611,10,P_LP
12,magnitude,1.7938042879104614,0.0007322801975533366,1.0546493530273438,10,P_LP
12,on_manifold_null,1.7938042879104614,0.003018343122676015,1.1753522157669067,10,P_LP
12,full,1.7938042879104614,0.03788207098841667,1.605833888053894,10,P_LP
20,direction,3.0400872230529785,0.048122137784957886,0.956341564655304,10,P_LP
20,magnitude,3.0400872230529785,0.002362426370382309,0.5455386638641357,10,P_LP
20,on_manifold_null,3.0400872230529785,0.0038907071575522423,0.7679538130760193,10,P_LP
20,full,3.0400872230529785,0.04773243889212608,0.9448896050453186,10,P_LP
24,direction,5.404005527496338,0.04572576284408569,0.7878822684288025,10,P_LP
24,magnitude,5.404005527496338,0.0012025603791698813,1.2023407220840454,10,P_LP
24,on_manifold_null,5.404005527496338,0.018176943063735962,0.6564275622367859,10,P_LP
24,full,5.404005527496338,0.0457138791680336,0.7933810353279114,10,P_LP
27,direction,29.284473419189453,0.02478221245110035,0.9088379144668579,10,P_LP
27,magnitude,29.284473419189453,0.0020077843219041824,0.10743919759988785,10,P_LP
27,on_manifold_null,29.284473419189453,0.03660782054066658,0.7411320805549622,10,P_LP
27,full,29.284473419189453,0.02515077218413353,0.8666102886199951,10,P_LP
12,direction,3.3174173831939697,0.38327261805534363,1.1256953477859497,11,P_LP
12,magnitude,3.3174173831939697,0.0071600694209337234,0.12759408354759216,11,P_LP
12,on_manifold_null,3.3174173831939697,0.012259243056178093,0.7433331608772278,11,P_LP
12,full,3.3174173831939697,0.3939712345600128,0.9675918817520142,11,P_LP
20,direction,6.0351386070251465,0.3785238564014435,1.035321593284607,11,P_LP
20,magnitude,6.0351386070251465,0.001374043058604002,0.23957614600658417,11,P_LP
20,on_manifold_null,6.0351386070251465,0.11986743658781052,0.8089581727981567,11,P_LP
20,full,6.0351386070251465,0.3875023424625397,0.982905924320221,11,P_LP
24,direction,12.116066932678223,0.357103168964386,1.0202492475509644,11,P_LP
24,magnitude,12.116066932678223,0.07216032594442368,0.16103844344615936,11,P_LP
24,on_manifold_null,12.116066932678223,0.00923515111207962,0.7377138733863831,11,P_LP
24,full,12.116066932678223,0.3833744525909424,0.8884742856025696,11,P_LP
27,direction,38.02585983276367,0.3580877482891083,0.9170666933059692,11,P_LP
27,magnitude,38.02585983276367,0.3272324800491333,0.09873304516077042,11,P_LP
27,on_manifold_null,38.02585983276367,0.06919052451848984,0.8357240557670593,11,P_LP
27,full,38.02585983276367,0.3785344958305359,0.8474826812744141,11,P_LP
12,direction,0.8735268115997314,0.1540781855583191,1.5172683000564575,12,P_LP
12,magnitude,0.8735268115997314,0.0012062115129083395,1.7879585027694702,12,P_LP
12,on_manifold_null,0.8735268115997314,0.0028570699505507946,1.3083539009094238,12,P_LP
12,full,0.8735268115997314,0.15510088205337524,1.5476175546646118,12,P_LP
20,direction,1.5776879787445068,0.14312411844730377,0.9171932935714722,12,P_LP
20,magnitude,1.5776879787445068,0.00044142501428723335,1.1230523586273193,12,P_LP
20,on_manifold_null,1.5776879787445068,0.005150752142071724,0.8135209083557129,12,P_LP
20,full,1.5776879787445068,0.14685410261154175,0.924472451210022,12,P_LP
24,direction,3.3955891132354736,0.14521947503089905,0.7462248802185059,12,P_LP
24,magnitude,3.3955891132354736,0.0009369673207402229,0.9960609078407288,12,P_LP
24,on_manifold_null,3.3955891132354736,0.005628339946269989,0.6759568452835083,12,P_LP
24,full,3.3955891132354736,0.14453916251659393,0.7490106821060181,12,P_LP
27,direction,26.83046531677246,0.09973392635583878,0.8684634566307068,12,P_LP
27,magnitude,26.83046531677246,0.01477266289293766,0.1366928219795227,12,P_LP
27,on_manifold_null,26.83046531677246,0.07472909986972809,0.7522323727607727,12,P_LP
27,full,26.83046531677246,0.10078567266464233,0.8672471046447754,12,P_LP
12,direction,3.7904179096221924,0.9315276741981506,1.5940874814987183,13,P_LP
12,magnitude,3.7904179096221924,0.059662122279405594,2.875380039215088,13,P_LP
12,on_manifold_null,3.7904179096221924,0.6549469232559204,0.8534349203109741,13,P_LP
12,full,3.7904179096221924,0.9080045223236084,1.6012424230575562,13,P_LP
20,direction,5.77405309677124,0.6565646529197693,0.9480173587799072,13,P_LP
20,magnitude,5.77405309677124,0.2962550222873688,0.13988405466079712,13,P_LP
20,on_manifold_null,5.77405309677124,0.5556304454803467,0.7382516860961914,13,P_LP
20,full,5.77405309677124,0.643503725528717,0.9283071756362915,13,P_LP
24,direction,8.602372169494629,0.6471097469329834,0.8235875368118286,13,P_LP
24,magnitude,8.602372169494629,0.05185459926724434,0.14174769818782806,13,P_LP
24,on_manifold_null,8.602372169494629,0.19775713980197906,0.6859089732170105,13,P_LP
24,full,8.602372169494629,0.6575060486793518,0.8137598633766174,13,P_LP
27,direction,34.928611755371094,0.5753194093704224,1.0339597463607788,13,P_LP
27,magnitude,34.928611755371094,0.009303837083280087,1.9591374397277832,13,P_LP
27,on_manifold_null,34.928611755371094,0.08167260885238647,0.8386088013648987,13,P_LP
27,full,34.928611755371094,0.5655074119567871,1.1899489164352417,13,P_LP
12,direction,1.8226667642593384,0.04903293401002884,0.9322546720504761,14,P_LP
12,magnitude,1.8226667642593384,0.001146181020885706,1.4495645761489868,14,P_LP
12,on_manifold_null,1.8226667642593384,0.0015258847270160913,0.808401882648468,14,P_LP
12,full,1.8226667642593384,0.05591486021876335,1.0084476470947266,14,P_LP
20,direction,2.9515562057495117,0.07134784758090973,0.6234666705131531,14,P_LP
20,magnitude,2.9515562057495117,0.0017936560325324535,0.974072277545929,14,P_LP
20,on_manifold_null,2.9515562057495117,0.007376956753432751,0.6041725873947144,14,P_LP
20,full,2.9515562057495117,0.07223480194807053,0.6612390279769897,14,P_LP
24,direction,4.775317668914795,0.02746996283531189,0.5578246712684631,14,P_LP
24,magnitude,4.775317668914795,0.0001476245088269934,0.8738450407981873,14,P_LP
24,on_manifold_null,4.775317668914795,0.002303212881088257,0.4864840507507324,14,P_LP
24,full,4.775317668914795,0.0279364213347435,0.5597499012947083,14,P_LP
27,direction,23.882612228393555,0.009984241798520088,0.7411198019981384,14,P_LP
27,magnitude,23.882612228393555,0.00037477666046470404,1.4131221771240234,14,P_LP
27,on_manifold_null,23.882612228393555,0.09782268106937408,0.6595427989959717,14,P_LP
27,full,23.882612228393555,0.00991012156009674,0.7619007229804993,14,P_LP
12,direction,3.567991018295288,0.17284181714057922,1.2595287561416626,15,P_LP
12,magnitude,3.567991018295288,0.0005574388196691871,0.24876244366168976,15,P_LP
12,on_manifold_null,3.567991018295288,0.0008416772470809519,0.7957351803779602,15,P_LP
12,full,3.567991018295288,0.1721271574497223,1.1849377155303955,15,P_LP
20,direction,5.245008945465088,0.16844616830348969,0.8007174134254456,15,P_LP
20,magnitude,5.245008945465088,0.0012678371276706457,0.17587409913539886,15,P_LP
20,on_manifold_null,5.245008945465088,0.1736539602279663,0.7278755903244019,15,P_LP
20,full,5.245008945465088,0.1666744202375412,0.7647817134857178,15,P_LP
24,direction,7.1597700119018555,0.16222773492336273,0.6251645088195801,15,P_LP
24,magnitude,7.1597700119018555,0.015285688452422619,0.14644336700439453,15,P_LP
24,on_manifold_null,7.1597700119018555,0.1221604198217392,0.5265161395072937,15,P_LP
24,full,7.1597700119018555,0.16135329008102417,0.5975809097290039,15,P_LP
27,direction,23.85730743408203,0.0901559442281723,0.8243950009346008,15,P_LP
27,magnitude,23.85730743408203,0.0032161115668714046,0.16191014647483826,15,P_LP
27,on_manifold_null,23.85730743408203,0.05567898601293564,0.6732122898101807,15,P_LP
27,full,23.85730743408203,0.09173909574747086,0.8004609942436218,15,P_LP
12,direction,2.3373465538024902,0.007494931574910879,1.1417757272720337,16,P_LP
12,magnitude,2.3373465538024902,2.1188130631344393e-05,1.8760510683059692,16,P_LP
12,on_manifold_null,2.3373465538024902,0.0012408625334501266,0.8107014894485474,16,P_LP
12,full,2.3373465538024902,0.007439874112606049,1.2078150510787964,16,P_LP
20,direction,3.258530855178833,0.007864014245569706,0.7686221599578857,16,P_LP
20,magnitude,3.258530855178833,1.725841502775438e-05,1.1729671955108643,16,P_LP
20,on_manifold_null,3.258530855178833,0.00060065439902246,0.6793047785758972,16,P_LP
20,full,3.258530855178833,0.007693429011851549,0.8245059251785278,16,P_LP
24,direction,6.829671382904053,0.007459826301783323,0.7495558261871338,16,P_LP
24,magnitude,6.829671382904053,1.2120465726184193e-05,1.2274562120437622,16,P_LP
24,on_manifold_null,6.829671382904053,0.00045808765571564436,0.7136171460151672,16,P_LP
24,full,6.829671382904053,0.007582449354231358,0.771388828754425,16,P_LP
27,direction,33.69937515258789,0.005221497733145952,0.864285409450531,16,P_LP
27,magnitude,33.69937515258789,0.025483785197138786,0.05944002419710159,16,P_LP
27,on_manifold_null,33.69937515258789,0.04163122549653053,0.7420267462730408,16,P_LP
27,full,33.69937515258789,0.00529540004208684,0.8385533690452576,16,P_LP
12,direction,4.100146770477295,0.28339165449142456,1.196495771408081,17,P_LP
12,magnitude,4.100146770477295,0.020686756819486618,0.026751330122351646,17,P_LP
12,on_manifold_null,4.100146770477295,0.008555122651159763,0.8557619452476501,17,P_LP
12,full,4.100146770477295,0.294726699590683,1.129384994506836,17,P_LP
20,direction,5.321455001831055,0.29522934556007385,0.8077831864356995,17,P_LP
20,magnitude,5.321455001831055,0.01162860170006752,0.1599404364824295,17,P_LP
20,on_manifold_null,5.321455001831055,0.23905369639396667,0.7197844982147217,17,P_LP
20,full,5.321455001831055,0.3036319315433502,0.7697231769561768,17,P_LP
24,direction,7.581718921661377,0.30178382992744446,0.7176034450531006,17,P_LP
24,magnitude,7.581718921661377,0.02441672421991825,0.21742698550224304,17,P_LP
24,on_manifold_null,7.581718921661377,0.040720194578170776,0.6344462037086487,17,P_LP
24,full,7.581718921661377,0.30549588799476624,0.6905495524406433,17,P_LP
27,direction,35.56560516357422,0.270521879196167,0.9112511277198792,17,P_LP
27,magnitude,35.56560516357422,1.1931205987930298,0.041503630578517914,17,P_LP
27,on_manifold_null,35.56560516357422,0.044134702533483505,0.731688380241394,17,P_LP
27,full,35.56560516357422,0.27066588401794434,0.8503978252410889,17,P_LP
12,direction,4.588923931121826,0.4515441954135895,1.0385239124298096,18,P_LP
12,magnitude,4.588923931121826,0.000531549914740026,2.0967319011688232,18,P_LP
12,on_manifold_null,4.588923931121826,0.02859797142446041,0.9015889763832092,18,P_LP
12,full,4.588923931121826,0.4524686336517334,1.0651655197143555,18,P_LP
20,direction,6.60176944732666,0.49187350273132324,0.9802504181861877,18,P_LP
20,magnitude,6.60176944732666,0.000582658511120826,1.9038517475128174,18,P_LP
20,on_manifold_null,6.60176944732666,0.5046891570091248,0.8924829363822937,18,P_LP
20,full,6.60176944732666,0.4922509789466858,0.9896925687789917,18,P_LP
24,direction,9.059720993041992,0.49974268674850464,0.964097261428833,18,P_LP
24,magnitude,9.059720993041992,0.0003057503781747073,1.7464618682861328,18,P_LP
24,on_manifold_null,9.059720993041992,0.5095914602279663,0.8361928462982178,18,P_LP
24,full,9.059720993041992,0.49696874618530273,0.9757368564605713,18,P_LP
27,direction,29.254961013793945,0.34648728370666504,0.8742824196815491,18,P_LP
27,magnitude,29.254961013793945,0.8075935244560242,0.10204000025987625,18,P_LP
27,on_manifold_null,29.254961013793945,0.1610850989818573,0.7385402917861938,18,P_LP
27,full,29.254961013793945,0.34646427631378174,0.8589265942573547,18,P_LP
12,direction,4.762518405914307,0.3465039134025574,1.5600558519363403,19,P_LP
12,magnitude,4.762518405914307,0.403008371591568,0.06293796002864838,19,P_LP
12,on_manifold_null,4.762518405914307,0.0170819703489542,0.975202739238739,19,P_LP
12,full,4.762518405914307,0.3473118841648102,1.5069319009780884,19,P_LP
20,direction,7.215312480926514,0.3317282497882843,0.9346890449523926,19,P_LP
20,magnitude,7.215312480926514,0.428002268075943,0.03277420625090599,19,P_LP
20,on_manifold_null,7.215312480926514,0.3588605523109436,0.7973762154579163,19,P_LP
20,full,7.215312480926514,0.3320602476596832,0.9239738583564758,19,P_LP
24,direction,10.19299030303955,0.32319146394729614,0.8063361048698425,19,P_LP
24,magnitude,10.19299030303955,0.25102588534355164,0.03300498053431511,19,P_LP
24,on_manifold_null,10.19299030303955,0.29726067185401917,0.7589527368545532,19,P_LP
24,full,10.19299030303955,0.32328706979751587,0.7886826992034912,19,P_LP
27,direction,30.588422775268555,0.3318801522254944,0.8817895650863647,19,P_LP
27,magnitude,30.588422775268555,0.0067711784504354,0.060389697551727295,19,P_LP
27,on_manifold_null,30.588422775268555,0.16853976249694824,0.7696726322174072,19,P_LP
27,full,30.588422775268555,0.3313509225845337,0.8059591054916382,19,P_LP
12,direction,3.1910202503204346,0.6004401445388794,1.1436338424682617,20,P_LP
12,magnitude,3.1910202503204346,0.002316278638318181,0.4009791910648346,20,P_LP
12,on_manifold_null,3.1910202503204346,0.004873367957770824,0.8131310343742371,20,P_LP
12,full,3.1910202503204346,0.6001963019371033,1.1428558826446533,20,P_LP
20,direction,4.565723419189453,0.6261050701141357,1.011730432510376,20,P_LP
20,magnitude,4.565723419189453,0.023688482120633125,0.3732515573501587,20,P_LP
20,on_manifold_null,4.565723419189453,0.005637014750391245,0.8419419527053833,20,P_LP
20,full,4.565723419189453,0.6280241012573242,0.9941427707672119,20,P_LP
24,direction,6.3623127937316895,0.6264850497245789,0.7950124144554138,20,P_LP
24,magnitude,6.3623127937316895,0.0024051794316619635,0.24479131400585175,20,P_LP
24,on_manifold_null,6.3623127937316895,0.009953232482075691,0.7677103281021118,20,P_LP
24,full,6.3623127937316895,0.6300062537193298,0.7787463068962097,20,P_LP
27,direction,23.24466896057129,0.24544014036655426,0.8217300176620483,20,P_LP
27,magnitude,23.24466896057129,0.002469448372721672,0.05355549603700638,20,P_LP
27,on_manifold_null,23.24466896057129,0.06383635103702545,0.673785924911499,20,P_LP
27,full,23.24466896057129,0.25492924451828003,0.7709944248199463,20,P_LP
12,direction,2.8267626762390137,0.2510024607181549,1.0821068286895752,21,P_LP
12,magnitude,2.8267626762390137,0.004972624592483044,1.8822544813156128,21,P_LP
12,on_manifold_null,2.8267626762390137,0.005899474956095219,0.7294576168060303,21,P_LP
12,full,2.8267626762390137,0.2396842986345291,1.1268596649169922,21,P_LP
20,direction,4.386812686920166,0.19622601568698883,0.8047852516174316,21,P_LP
20,magnitude,4.386812686920166,0.005392085295170546,1.347057580947876,21,P_LP
20,on_manifold_null,4.386812686920166,0.08492744714021683,0.7137426137924194,21,P_LP
20,full,4.386812686920166,0.18564024567604065,0.8383632898330688,21,P_LP
24,direction,6.827698707580566,0.18907897174358368,0.7597920894622803,21,P_LP
24,magnitude,6.827698707580566,0.006397853139787912,0.2942648231983185,21,P_LP
24,on_manifold_null,6.827698707580566,0.09050864726305008,0.708370566368103,21,P_LP
24,full,6.827698707580566,0.1947467178106308,0.7294893264770508,21,P_LP
27,direction,29.007387161254883,0.13032527267932892,1.0418497323989868,21,P_LP
27,magnitude,29.007387161254883,0.0005249260575510561,0.20640668272972107,21,P_LP
27,on_manifold_null,29.007387161254883,0.03850428760051727,0.8427621722221375,21,P_LP
27,full,29.007387161254883,0.1369514763355255,0.9497926235198975,21,P_LP
12,direction,1.8828964233398438,0.011998012661933899,0.7862064838409424,22,P_LP
12,magnitude,1.8828964233398438,1.1691283361869864e-05,0.24915754795074463,22,P_LP
12,on_manifold_null,1.8828964233398438,8.16176034277305e-05,0.6820249557495117,22,P_LP
12,full,1.8828964233398438,0.012075571343302727,0.7630921006202698,22,P_LP
20,direction,3.7984845638275146,0.011706587858498096,0.8723781108856201,22,P_LP
20,magnitude,3.7984845638275146,0.012842535972595215,0.38611477613449097,22,P_LP
20,on_manifold_null,3.7984845638275146,0.004107475746423006,0.7728129029273987,22,P_LP
20,full,3.7984845638275146,0.011883440427482128,0.8638865351676941,22,P_LP
24,direction,7.076070308685303,0.011389688588678837,0.8196707963943481,22,P_LP
24,magnitude,7.076070308685303,4.61117087979801e-05,0.3126898407936096,22,P_LP
24,on_manifold_null,7.076070308685303,0.00028306484455242753,0.7593793272972107,22,P_LP
24,full,7.076070308685303,0.01121600717306137,0.8156084418296814,22,P_LP
27,direction,31.03202247619629,0.009284176863729954,0.8567677736282349,22,P_LP
27,magnitude,31.03202247619629,0.05110820382833481,0.010660534724593163,22,P_LP
27,on_manifold_null,31.03202247619629,0.001413962570950389,1.0042972564697266,22,P_LP
27,full,31.03202247619629,0.009397152811288834,0.845115602016449,22,P_LP
12,direction,1.7831522226333618,0.15185123682022095,1.4993290901184082,23,P_LP
12,magnitude,1.7831522226333618,0.11936914920806885,0.965251624584198,23,P_LP
12,on_manifold_null,1.7831522226333618,0.17974145710468292,1.1215654611587524,23,P_LP
12,full,1.7831522226333618,0.14274653792381287,1.490630030632019,23,P_LP
20,direction,2.7926814556121826,0.12344246357679367,0.888481616973877,23,P_LP
20,magnitude,2.7926814556121826,0.15427029132843018,0.5374950766563416,23,P_LP
20,on_manifold_null,2.7926814556121826,0.034450359642505646,0.728865385055542,23,P_LP
20,full,2.7926814556121826,0.12381821125745773,0.8841167688369751,23,P_LP
24,direction,4.691405773162842,0.12931989133358002,0.7014246582984924,23,P_LP
24,magnitude,4.691405773162842,0.0004156433860771358,1.0256025791168213,23,P_LP
24,on_manifold_null,4.691405773162842,0.0563671737909317,0.572609007358551,23,P_LP
24,full,4.691405773162842,0.12993644177913666,0.7173489332199097,23,P_LP
27,direction,29.05669403076172,0.04000387713313103,1.008097767829895,23,P_LP
27,magnitude,29.05669403076172,0.0020293686538934708,1.8146227598190308,23,P_LP
27,on_manifold_null,29.05669403076172,0.1935800015926361,0.7695767879486084,23,P_LP
27,full,29.05669403076172,0.039112355560064316,1.097119927406311,23,P_LP
12,direction,2.7136240005493164,0.008577683940529823,1.3853946924209595,24,P_LP
12,magnitude,2.7136240005493164,0.00192429986782372,0.6047037243843079,24,P_LP
12,on_manifold_null,2.7136240005493164,0.004304838366806507,0.9807735085487366,24,P_LP
12,full,2.7136240005493164,0.008503264747560024,1.3657915592193604,24,P_LP
20,direction,4.1521196365356445,0.008109929040074348,0.7988836169242859,24,P_LP
20,magnitude,4.1521196365356445,0.0017446285346522927,0.3120306432247162,24,P_LP
20,on_manifold_null,4.1521196365356445,0.0015222851652652025,0.6414830684661865,24,P_LP
20,full,4.1521196365356445,0.008176705799996853,0.7816730737686157,24,P_LP
24,direction,5.9641804695129395,0.00891755148768425,0.6126065254211426,24,P_LP
24,magnitude,5.9641804695129395,0.000365382875315845,0.9992097616195679,24,P_LP
24,on_manifold_null,5.9641804695129395,0.0031841332092881203,0.5738071799278259,24,P_LP
24,full,5.9641804695129395,0.008824711665511131,0.6202213168144226,24,P_LP
27,direction,33.919921875,0.010022968985140324,0.8274988532066345,24,P_LP
27,magnitude,33.919921875,0.0009060071897692978,1.6192814111709595,24,P_LP
27,on_manifold_null,33.919921875,0.07713552564382553,0.7575944662094116,24,P_LP
27,full,33.919921875,0.008741158992052078,1.004717230796814,24,P_LP
12,direction,2.9353678226470947,1.501728892326355,1.052862524986267,25,P_LP
12,magnitude,2.9353678226470947,0.0032726251520216465,1.7133234739303589,25,P_LP
12,on_manifold_null,2.9353678226470947,0.08330156654119492,0.7438368797302246,25,P_LP
12,full,2.9353678226470947,1.500421404838562,1.1717445850372314,25,P_LP
20,direction,4.547109603881836,1.492234468460083,0.9399189949035645,25,P_LP
20,magnitude,4.547109603881836,0.0019033271819353104,1.5615979433059692,25,P_LP
20,on_manifold_null,4.547109603881836,0.01875435747206211,0.6968812346458435,25,P_LP
20,full,4.547109603881836,1.4899606704711914,1.0139647722244263,25,P_LP
24,direction,7.343835830688477,1.5077242851257324,0.8482990264892578,25,P_LP
24,magnitude,7.343835830688477,0.0011599976569414139,1.4749892950057983,25,P_LP
24,on_manifold_null,7.343835830688477,0.5030884742736816,0.6214033365249634,25,P_LP
24,full,7.343835830688477,1.5037739276885986,0.9006549119949341,25,P_LP
27,direction,32.83001708984375,1.4766925573349,0.9929193258285522,25,P_LP
27,magnitude,32.83001708984375,0.019789401441812515,0.03624137490987778,25,P_LP
27,on_manifold_null,32.83001708984375,0.13878148794174194,0.7038365006446838,25,P_LP
27,full,32.83001708984375,1.476945161819458,0.9765411615371704,25,P_LP
12,direction,3.7983169555664062,0.998341977596283,1.2748228311538696,26,P_LP
12,magnitude,3.7983169555664062,0.012410431168973446,2.4394044876098633,26,P_LP
12,on_manifold_null,3.7983169555664062,1.0168110132217407,0.7990812063217163,26,P_LP
12,full,3.7983169555664062,1.010029911994934,1.4619150161743164,26,P_LP
20,direction,5.325367450714111,1.0153697729110718,0.892991840839386,26,P_LP
20,magnitude,5.325367450714111,0.0033998412545770407,1.6212694644927979,26,P_LP
20,on_manifold_null,5.325367450714111,1.0447686910629272,0.8822206854820251,26,P_LP
20,full,5.325367450714111,1.0143375396728516,0.9606147408485413,26,P_LP
24,direction,9.150725364685059,1.019561767578125,0.8862643241882324,26,P_LP
24,magnitude,9.150725364685059,0.3979437053203583,0.16280794143676758,26,P_LP
24,on_manifold_null,9.150725364685059,0.10947398841381073,0.8941341638565063,26,P_LP
24,full,9.150725364685059,1.0229337215423584,0.8066650629043579,26,P_LP
27,direction,38.13235855102539,0.9837955236434937,0.9715661406517029,26,P_LP
27,magnitude,38.13235855102539,1.0175148248672485,0.09436418116092682,26,P_LP
27,on_manifold_null,38.13235855102539,0.3658190965652466,0.8759269118309021,26,P_LP
27,full,38.13235855102539,0.9961070418357849,0.9424037337303162,26,P_LP
12,direction,4.24598503112793,0.1465243399143219,0.9892798066139221,27,P_LP
12,magnitude,4.24598503112793,0.00019719003466889262,1.97518789768219,27,P_LP
12,on_manifold_null,4.24598503112793,0.13126140832901,0.9210436344146729,27,P_LP
12,full,4.24598503112793,0.14581452310085297,1.0429720878601074,27,P_LP
20,direction,6.054579257965088,0.13704615831375122,0.9544262886047363,27,P_LP
20,magnitude,6.054579257965088,0.00017408619169145823,1.8270334005355835,27,P_LP
20,on_manifold_null,6.054579257965088,0.1367783397436142,0.8545220494270325,27,P_LP
20,full,6.054579257965088,0.13517767190933228,0.9566504955291748,27,P_LP
24,direction,9.944252967834473,0.1387111097574234,0.9552650451660156,27,P_LP
24,magnitude,9.944252967834473,0.14035236835479736,0.029161350801587105,27,P_LP
24,on_manifold_null,9.944252967834473,0.04217565804719925,0.9646638035774231,27,P_LP
24,full,9.944252967834473,0.13834929466247559,0.9413724541664124,27,P_LP
27,direction,35.39639663696289,0.07705716788768768,0.9671981930732727,27,P_LP
27,magnitude,35.39639663696289,0.08521796762943268,0.22758841514587402,27,P_LP
27,on_manifold_null,35.39639663696289,0.0681067481637001,0.8190362453460693,27,P_LP
27,full,35.39639663696289,0.07999923080205917,0.9025347828865051,27,P_LP
12,direction,4.344821929931641,0.03661268949508667,0.9773812294006348,28,P_LP
12,magnitude,4.344821929931641,0.01262571383267641,1.8917030096054077,28,P_LP
12,on_manifold_null,4.344821929931641,0.02212453819811344,0.7636581659317017,28,P_LP
12,full,4.344821929931641,0.03667197376489639,1.0467876195907593,28,P_LP
20,direction,6.622304916381836,0.037293970584869385,0.9629088640213013,28,P_LP
20,magnitude,6.622304916381836,0.0035965717397630215,1.8893420696258545,28,P_LP
20,on_manifold_null,6.622304916381836,0.04993321746587753,0.7890303134918213,28,P_LP
20,full,6.622304916381836,0.037243299186229706,1.001802921295166,28,P_LP
24,direction,11.029402732849121,0.03366204351186752,1.00997793674469,28,P_LP
24,magnitude,11.029402732849121,0.04111781716346741,0.008450539782643318,28,P_LP
24,on_manifold_null,11.029402732849121,0.016580061987042427,0.9479106664657593,28,P_LP
24,full,11.029402732849121,0.033813513815402985,0.9998164772987366,28,P_LP
27,direction,33.02009201049805,0.031896911561489105,1.05580472946167,28,P_LP
27,magnitude,33.02009201049805,0.02350424975156784,0.14405716955661774,28,P_LP
27,on_manifold_null,33.02009201049805,0.013429714366793633,0.9009557962417603,28,P_LP
27,full,33.02009201049805,0.03075014054775238,0.9811583757400513,28,P_LP
12,direction,1.1236398220062256,0.11167477071285248,1.5317851305007935,29,P_LP
12,magnitude,1.1236398220062256,0.00014702849148306996,1.874367356300354,29,P_LP
12,on_manifold_null,1.1236398220062256,7.199821266112849e-05,1.2588714361190796,29,P_LP
12,full,1.1236398220062256,0.11312539130449295,1.5426543951034546,29,P_LP
20,direction,2.102583408355713,0.11278411746025085,0.9459711313247681,29,P_LP
20,magnitude,2.102583408355713,0.0006102538318373263,1.202441692352295,29,P_LP
20,on_manifold_null,2.102583408355713,0.004623152781277895,0.796398937702179,29,P_LP
20,full,2.102583408355713,0.11309957504272461,0.9525043368339539,29,P_LP
24,direction,3.6229076385498047,0.11117401719093323,0.7492722868919373,29,P_LP
24,magnitude,3.6229076385498047,0.0029553575441241264,0.5039702653884888,29,P_LP
24,on_manifold_null,3.6229076385498047,0.01847902685403824,0.645762026309967,29,P_LP
24,full,3.6229076385498047,0.11155282706022263,0.7440093159675598,29,P_LP
27,direction,25.95222282409668,0.10094684362411499,1.1064099073410034,29,P_LP
27,magnitude,25.95222282409668,0.003332924097776413,1.8221319913864136,29,P_LP
27,on_manifold_null,25.95222282409668,0.02121797762811184,0.7925786375999451,29,P_LP
27,full,25.95222282409668,0.0996670201420784,1.189770221710205,29,P_LP
12,direction,0.6527310609817505,0.03382072597742081,1.4917259216308594,30,B_LB
12,magnitude,0.6527310609817505,0.0006499157752841711,1.6998897790908813,30,B_LB
12,on_manifold_null,0.6527310609817505,0.0013204251881688833,1.3135579824447632,30,B_LB
12,full,0.6527310609817505,0.03603377193212509,1.49489164352417,30,B_LB
20,direction,1.2540236711502075,0.03407638147473335,0.9442217946052551,30,B_LB
20,magnitude,1.2540236711502075,0.0003902121970895678,1.1129634380340576,30,B_LB
20,on_manifold_null,1.2540236711502075,0.0006499451701529324,0.8306365609169006,30,B_LB
20,full,1.2540236711502075,0.03489084541797638,0.9462012648582458,30,B_LB
24,direction,2.970202684402466,0.034554168581962585,0.8105344176292419,30,B_LB
24,magnitude,2.970202684402466,0.00010839187598321587,1.0386114120483398,30,B_LB
24,on_manifold_null,2.970202684402466,0.007770146243274212,0.7018512487411499,30,B_LB
24,full,2.970202684402466,0.034202270209789276,0.8222218751907349,30,B_LB
27,direction,15.745254516601562,0.0315767340362072,0.6784693002700806,30,B_LB
27,magnitude,15.745254516601562,0.0013728765770792961,0.2457265555858612,30,B_LB
27,on_manifold_null,15.745254516601562,0.029963364824652672,0.5642352104187012,30,B_LB
27,full,15.745254516601562,0.0314892902970314,0.6469917297363281,30,B_LB
12,direction,0.3566586673259735,0.011035323143005371,1.7565990686416626,31,B_LB
12,magnitude,0.3566586673259735,0.00010989107249770314,1.635315179824829,31,B_LB
12,on_manifold_null,0.3566586673259735,0.0002620926243253052,1.654348373413086,31,B_LB
12,full,0.3566586673259735,0.012217684648931026,1.7564260959625244,31,B_LB
20,direction,0.6819042563438416,0.00770725030452013,1.00652277469635,31,B_LB
20,magnitude,0.6819042563438416,9.33191113290377e-05,1.1041228771209717,31,B_LB
20,on_manifold_null,0.6819042563438416,0.0005438161315396428,0.9530469179153442,31,B_LB
20,full,0.6819042563438416,0.007414605002850294,1.0080838203430176,31,B_LB
24,direction,1.7009007930755615,0.006843713112175465,0.8033447265625,31,B_LB
24,magnitude,1.7009007930755615,2.6807128961081617e-05,0.6668946743011475,31,B_LB
24,on_manifold_null,1.7009007930755615,0.004318646155297756,0.7263274192810059,31,B_LB
24,full,1.7009007930755615,0.006840813905000687,0.8013254404067993,31,B_LB
27,direction,12.465336799621582,0.002054529497399926,0.9082098603248596,31,B_LB
27,magnitude,12.465336799621582,0.00017248802760150284,1.2597572803497314,31,B_LB
27,on_manifold_null,12.465336799621582,0.0003416416875552386,0.7449316382408142,31,B_LB
27,full,12.465336799621582,0.0020746085792779922,0.92597895860672,31,B_LB
12,direction,0.7524207234382629,0.014721913263201714,1.5126609802246094,32,B_LB
12,magnitude,0.7524207234382629,0.00028958998154848814,1.7366677522659302,32,B_LB
12,on_manifold_null,0.7524207234382629,0.0014187167398631573,1.3390135765075684,32,B_LB
12,full,0.7524207234382629,0.01469244621694088,1.5228248834609985,32,B_LB
20,direction,1.4340240955352783,0.013696001842617989,0.9265034794807434,32,B_LB
20,magnitude,1.4340240955352783,0.00010531310545047745,1.0982425212860107,32,B_LB
20,on_manifold_null,1.4340240955352783,0.002383327577263117,0.8351648449897766,32,B_LB
20,full,1.4340240955352783,0.014166755601763725,0.930976152420044,32,B_LB
24,direction,2.46484112739563,0.011572977527976036,0.7250075340270996,32,B_LB
24,magnitude,2.46484112739563,1.2509743100963533e-05,0.885992169380188,32,B_LB
24,on_manifold_null,2.46484112739563,0.00035182374995201826,0.6108126044273376,32,B_LB
24,full,2.46484112739563,0.011299323290586472,0.7299638986587524,32,B_LB
27,direction,21.50808334350586,0.0029585575684905052,1.1073468923568726,32,B_LB
27,magnitude,21.50808334350586,0.00037513565621338785,0.5124241709709167,32,B_LB
27,on_manifold_null,21.50808334350586,0.0006999396136961877,0.7692623734474182,32,B_LB
27,full,21.50808334350586,0.002899773884564638,1.1013197898864746,32,B_LB
12,direction,1.1087019443511963,0.0701766163110733,0.7642567157745361,33,B_LB
12,magnitude,1.1087019443511963,1.37702973006526e-05,1.0982602834701538,33,B_LB
12,on_manifold_null,1.1087019443511963,3.0304176107165404e-05,0.693219006061554,33,B_LB
12,full,1.1087019443511963,0.069179967045784,0.7816053032875061,33,B_LB
20,direction,2.634038209915161,0.06922557204961777,0.8185459971427917,33,B_LB
20,magnitude,2.634038209915161,8.699571480974555e-06,1.1460505723953247,33,B_LB
20,on_manifold_null,2.634038209915161,3.186154935974628e-05,0.701959490776062,33,B_LB
20,full,2.634038209915161,0.06861095875501633,0.830247700214386,33,B_LB
24,direction,6.647340774536133,0.06768608838319778,0.7954756617546082,33,B_LB
24,magnitude,6.647340774536133,1.8427930626785383e-05,1.2510266304016113,33,B_LB
24,on_manifold_null,6.647340774536133,0.0008693364798091352,0.686825156211853,33,B_LB
24,full,6.647340774536133,0.06763099133968353,0.8008426427841187,33,B_LB
27,direction,38.52978515625,0.06494373083114624,1.0063087940216064,33,B_LB
27,magnitude,38.52978515625,9.164257789961994e-06,2.0762791633605957,33,B_LB
27,on_manifold_null,38.52978515625,0.013157367706298828,0.8400818109512329,33,B_LB
27,full,38.52978515625,0.06506362557411194,1.0198224782943726,33,B_LB
12,direction,0.9548264741897583,0.1509566754102707,1.4198368787765503,34,B_LB
12,magnitude,0.9548264741897583,0.0001722925662761554,1.6940782070159912,34,B_LB
12,on_manifold_null,0.9548264741897583,0.0008390750735998154,1.203472375869751,34,B_LB
12,full,0.9548264741897583,0.15105892717838287,1.4261561632156372,34,B_LB
20,direction,1.443811058998108,0.15080390870571136,0.9497650265693665,34,B_LB
20,magnitude,1.443811058998108,3.805998494499363e-05,1.1416773796081543,34,B_LB
20,on_manifold_null,1.443811058998108,0.0003589650441426784,0.8432178497314453,34,B_LB
20,full,1.443811058998108,0.15007206797599792,0.9518285393714905,34,B_LB
24,direction,2.9061102867126465,0.1476159244775772,0.7992701530456543,34,B_LB
24,magnitude,2.9061102867126465,4.969241490471177e-05,1.0243877172470093,34,B_LB
24,on_manifold_null,2.9061102867126465,0.000673573580570519,0.7167586088180542,34,B_LB
24,full,2.9061102867126465,0.14650729298591614,0.8048264980316162,34,B_LB
27,direction,15.094141006469727,0.12351886928081512,0.6991862654685974,34,B_LB
27,magnitude,15.094141006469727,0.0005605252226814628,0.26738470792770386,34,B_LB
27,on_manifold_null,15.094141006469727,0.013364851474761963,0.5557003021240234,34,B_LB
27,full,15.094141006469727,0.12513017654418945,0.6884263753890991,34,B_LB
12,direction,0.49132323265075684,0.008906644769012928,1.4591251611709595,35,B_LB
12,magnitude,0.49132323265075684,0.0012420264538377523,1.2930972576141357,35,B_LB
12,on_manifold_null,0.49132323265075684,0.003669419325888157,1.3226370811462402,35,B_LB
12,full,0.49132323265075684,0.007984534837305546,1.4568129777908325,35,B_LB
20,direction,0.89872145652771,0.010204091668128967,0.8794610500335693,35,B_LB
20,magnitude,0.89872145652771,0.00015240494394674897,1.003598928451538,35,B_LB
20,on_manifold_null,0.89872145652771,0.0008570505306124687,0.8068848848342896,35,B_LB
20,full,0.89872145652771,0.01060088723897934,0.8811846375465393,35,B_LB
24,direction,1.78699791431427,0.008563832379877567,0.7653719186782837,35,B_LB
24,magnitude,1.78699791431427,0.0013496478786692023,0.9072070121765137,35,B_LB
24,on_manifold_null,1.78699791431427,0.0003563413047231734,0.7050426602363586,35,B_LB
24,full,1.78699791431427,0.008095618337392807,0.766424298286438,35,B_LB
27,direction,9.729986190795898,0.0035056211054325104,0.833748459815979,35,B_LB
27,magnitude,9.729986190795898,0.00010742241283878684,1.1024423837661743,35,B_LB
27,on_manifold_null,9.729986190795898,0.005701641086488962,0.7117822766304016,35,B_LB
27,full,9.729986190795898,0.0034982541110366583,0.8393562436103821,35,B_LB
12,direction,1.4799885749816895,0.01030564121901989,1.0461792945861816,36,B_LB
12,magnitude,1.4799885749816895,1.8701890439842828e-05,0.5854176878929138,36,B_LB
12,on_manifold_null,1.4799885749816895,4.642646308639087e-05,0.8271921873092651,36,B_LB
12,full,1.4799885749816895,0.01032054889947176,1.0128377676010132,36,B_LB
20,direction,3.931549310684204,0.01006360538303852,1.1697630882263184,36,B_LB
20,magnitude,3.931549310684204,3.101417678408325e-05,0.6738139986991882,36,B_LB
20,on_manifold_null,3.931549310684204,6.526202196255326e-05,0.9072005748748779,36,B_LB
20,full,3.931549310684204,0.010335483588278294,1.141366958618164,36,B_LB
24,direction,9.593512535095215,0.009910617023706436,1.0783487558364868,36,B_LB
24,magnitude,9.593512535095215,3.778556128963828e-05,1.7410163879394531,36,B_LB
24,on_manifold_null,9.593512535095215,0.0003551064583007246,0.9242210388183594,36,B_LB
24,full,9.593512535095215,0.00990128330886364,1.1101198196411133,36,B_LB
27,direction,25.7882022857666,0.010022111237049103,0.8780546188354492,36,B_LB
27,magnitude,25.7882022857666,5.695987965737004e-06,1.5883638858795166,36,B_LB
27,on_manifold_null,25.7882022857666,0.013332064263522625,0.6993243098258972,36,B_LB
27,full,25.7882022857666,0.009732447564601898,0.8994222283363342,36,B_LB
12,direction,0.5866612792015076,0.016042310744524002,1.3515851497650146,37,B_LB
12,magnitude,0.5866612792015076,2.2106953110778704e-05,1.18740975856781,37,B_LB
12,on_manifold_null,0.5866612792015076,4.660816557588987e-05,1.2129676342010498,37,B_LB
12,full,0.5866612792015076,0.017153043299913406,1.3370932340621948,37,B_LB
20,direction,0.9910074472427368,0.01659533940255642,0.9082513451576233,37,B_LB
20,magnitude,0.9910074472427368,3.17874328175094e-05,0.7812131643295288,37,B_LB
20,on_manifold_null,0.9910074472427368,2.7888290787814185e-05,0.8367570638656616,37,B_LB
20,full,0.9910074472427368,0.016598140820860863,0.9014266133308411,37,B_LB
24,direction,1.9507685899734497,0.014072366058826447,0.7132411599159241,37,B_LB
24,magnitude,1.9507685899734497,2.362885425100103e-05,0.5673360228538513,37,B_LB
24,on_manifold_null,1.9507685899734497,0.00024310116714332253,0.6600416898727417,37,B_LB
24,full,1.9507685899734497,0.01439668983221054,0.7086373567581177,37,B_LB
27,direction,11.341350555419922,0.007013342343270779,0.6775025725364685,37,B_LB
27,magnitude,11.341350555419922,0.00014652790559921414,0.9985606670379639,37,B_LB
27,on_manifold_null,11.341350555419922,0.002198208589106798,0.5701802968978882,37,B_LB
27,full,11.341350555419922,0.006888286676257849,0.6937572956085205,37,B_LB
12,direction,0.5713652968406677,0.002256155712530017,1.3027136325836182,38,B_LB
12,magnitude,0.5713652968406677,0.002657393692061305,1.133063793182373,38,B_LB
12,on_manifold_null,0.5713652968406677,0.0012025840114802122,1.1761891841888428,38,B_LB
12,full,0.5713652968406677,0.0033279124181717634,1.2983695268630981,38,B_LB
20,direction,0.9953776001930237,0.00433574290946126,0.7937901616096497,38,B_LB
20,magnitude,0.9953776001930237,0.0006888278294354677,0.9139454364776611,38,B_LB
20,on_manifold_null,0.9953776001930237,0.003988145850598812,0.7323055267333984,38,B_LB
20,full,0.9953776001930237,0.00432208739221096,0.7958333492279053,38,B_LB
24,direction,1.7696675062179565,0.005623809061944485,0.6130378842353821,38,B_LB
24,magnitude,1.7696675062179565,9.141172631643713e-05,0.7299768328666687,38,B_LB
24,on_manifold_null,1.7696675062179565,0.00013838105951435864,0.5688058733940125,38,B_LB
24,full,1.7696675062179565,0.005746523849666119,0.6143220663070679,38,B_LB
27,direction,10.34388542175293,0.004356740042567253,0.8933882117271423,38,B_LB
27,magnitude,10.34388542175293,3.110814941464923e-05,0.6017293334007263,38,B_LB
27,on_manifold_null,10.34388542175293,0.0017229825025424361,0.7254461050033569,38,B_LB
27,full,10.34388542175293,0.0044160280376672745,0.8925540447235107,38,B_LB
12,direction,0.8177115321159363,0.09248581528663635,1.3152270317077637,39,B_LB
12,magnitude,0.8177115321159363,0.0002750583225861192,1.0653467178344727,39,B_LB
12,on_manifold_null,0.8177115321159363,0.00022251995687838644,1.1140836477279663,39,B_LB
12,full,0.8177115321159363,0.09006259590387344,1.2987985610961914,39,B_LB
20,direction,1.6083481311798096,0.09216900914907455,0.9327312111854553,39,B_LB
20,magnitude,1.6083481311798096,0.0001136430655606091,0.7409369349479675,39,B_LB
20,on_manifold_null,1.6083481311798096,4.8767640691949055e-05,0.8232665061950684,39,B_LB
20,full,1.6083481311798096,0.09141840785741806,0.9309163689613342,39,B_LB
24,direction,4.183988571166992,0.08900474011898041,0.759659469127655,39,B_LB
24,magnitude,4.183988571166992,8.82863241713494e-05,1.0182263851165771,39,B_LB
24,on_manifold_null,4.183988571166992,0.0012174862204119563,0.654705286026001,39,B_LB
24,full,4.183988571166992,0.08887474983930588,0.7730066776275635,39,B_LB
27,direction,18.43186378479004,0.08266215026378632,0.9199194312095642,39,B_LB
27,magnitude,18.43186378479004,0.000698725925758481,0.4196113646030426,39,B_LB
27,on_manifold_null,18.43186378479004,0.004331468604505062,0.7006486654281616,39,B_LB
27,full,18.43186378479004,0.08399176597595215,0.905677855014801,39,B_LB
12,direction,1.5994869470596313,0.031198542565107346,1.5735504627227783,40,B_LB
12,magnitude,1.5994869470596313,0.0015181851340457797,1.0760020017623901,40,B_LB
12,on_manifold_null,1.5994869470596313,0.004682285711169243,1.1581929922103882,40,B_LB
12,full,1.5994869470596313,0.028188154101371765,1.552339792251587,40,B_LB
20,direction,2.542954683303833,0.032729797065258026,0.8932240605354309,40,B_LB
20,magnitude,2.542954683303833,0.00028767139883711934,0.5670344829559326,40,B_LB
20,on_manifold_null,2.542954683303833,0.002227204851806164,0.7510265111923218,40,B_LB
20,full,2.542954683303833,0.033948998898267746,0.8819342851638794,40,B_LB
24,direction,4.205792427062988,0.026425452902913094,0.7483779191970825,40,B_LB
24,magnitude,4.205792427062988,0.00016427866648882627,0.45065465569496155,40,B_LB
24,on_manifold_null,4.205792427062988,0.0010959305800497532,0.6446086168289185,40,B_LB
24,full,4.205792427062988,0.027080655097961426,0.7312520742416382,40,B_LB
27,direction,25.084047317504883,0.019787192344665527,0.9680318236351013,40,B_LB
27,magnitude,25.084047317504883,0.001336968271061778,0.28833550214767456,40,B_LB
27,on_manifold_null,25.084047317504883,0.15160009264945984,0.7108370661735535,40,B_LB
27,full,25.084047317504883,0.02116541378200054,0.9584881663322449,40,B_LB
12,direction,1.730900764465332,0.00198716064915061,1.344739317893982,41,B_LB
12,magnitude,1.730900764465332,0.0005405095289461315,0.8407061696052551,41,B_LB
12,on_manifold_null,1.730900764465332,0.0014352999860420823,0.9929286241531372,41,B_LB
12,full,1.730900764465332,0.0023770977277308702,1.3355532884597778,41,B_LB
20,direction,2.9675705432891846,0.0019503444200381637,0.7910303473472595,41,B_LB
20,magnitude,2.9675705432891846,0.0004073891614098102,1.1543244123458862,41,B_LB
20,on_manifold_null,2.9675705432891846,0.04306210204958916,0.6475194692611694,41,B_LB
20,full,2.9675705432891846,0.0021349694579839706,0.7967236638069153,41,B_LB
24,direction,4.6709818840026855,0.002253637183457613,0.6278091669082642,41,B_LB
24,magnitude,4.6709818840026855,0.000906474597286433,0.9417809247970581,41,B_LB
24,on_manifold_null,4.6709818840026855,0.01694798283278942,0.506239652633667,41,B_LB
24,full,4.6709818840026855,0.002316463505849242,0.6451379656791687,41,B_LB
27,direction,20.111894607543945,0.0019935991149395704,0.8093608617782593,41,B_LB
27,magnitude,20.111894607543945,0.0006992312264628708,1.376712679862976,41,B_LB
27,on_manifold_null,20.111894607543945,0.00958480965346098,0.7166982293128967,41,B_LB
27,full,20.111894607543945,0.001924883690662682,0.8716242909431458,41,B_LB
12,direction,0.4600502848625183,0.0010549044236540794,1.508118987083435,42,B_LB
12,magnitude,0.4600502848625183,4.569362863549031e-05,1.6513742208480835,42,B_LB
12,on_manifold_null,0.4600502848625183,2.1009766442148248e-06,1.3856161832809448,42,B_LB
12,full,0.4600502848625183,0.001053467858582735,1.5118238925933838,42,B_LB
20,direction,0.8753545880317688,0.0009761833352968097,0.8844456076622009,42,B_LB
20,magnitude,0.8753545880317688,4.60808259958867e-05,0.7708114385604858,42,B_LB
20,on_manifold_null,0.8753545880317688,7.20443349564448e-05,0.8246178030967712,42,B_LB
20,full,0.8753545880317688,0.0009727764409035444,0.8835799098014832,42,B_LB
24,direction,1.9296849966049194,0.00042987760389223695,0.7405238151550293,42,B_LB
24,magnitude,1.9296849966049194,2.6683757823775522e-05,0.6006839871406555,42,B_LB
24,on_manifold_null,1.9296849966049194,0.000760402181185782,0.6783466935157776,42,B_LB
24,full,1.9296849966049194,0.00036829710006713867,0.7396467328071594,42,B_LB
27,direction,11.41124439239502,0.0001713675301289186,1.0164003372192383,42,B_LB
27,magnitude,11.41124439239502,1.2244689060025848e-05,1.3285737037658691,42,B_LB
27,on_manifold_null,11.41124439239502,8.39012791402638e-05,0.8104000091552734,42,B_LB
27,full,11.41124439239502,9.962260810425505e-05,1.0260406732559204,42,B_LB
12,direction,1.307657241821289,0.04720333591103554,1.032656192779541,43,B_LB
12,magnitude,1.307657241821289,0.0003554765717126429,0.6400574445724487,43,B_LB
12,on_manifold_null,1.307657241821289,0.0007643568096682429,0.7839096784591675,43,B_LB
12,full,1.307657241821289,0.047785934060811996,1.0211191177368164,43,B_LB
20,direction,2.826753616333008,0.03830001503229141,0.9913633465766907,43,B_LB
20,magnitude,2.826753616333008,0.0004603797569870949,0.6509453058242798,43,B_LB
20,on_manifold_null,2.826753616333008,0.0006805736338719726,0.8129425048828125,43,B_LB
20,full,2.826753616333008,0.03918629139661789,0.9534538984298706,43,B_LB
24,direction,6.508211135864258,0.02723746746778488,0.9338857531547546,43,B_LB
24,magnitude,6.508211135864258,0.00014179496793076396,1.3631569147109985,43,B_LB
24,on_manifold_null,6.508211135864258,0.002576193306595087,0.7400935292243958,43,B_LB
24,full,6.508211135864258,0.02705974131822586,0.9465923309326172,43,B_LB
27,direction,24.941795349121094,0.014199687168002129,0.9546667337417603,43,B_LB
27,magnitude,24.941795349121094,0.0018311436288058758,0.2795168161392212,43,B_LB
27,on_manifold_null,24.941795349121094,0.025819117203354836,0.7886279225349426,43,B_LB
27,full,24.941795349121094,0.014514541253447533,0.9521556496620178,43,B_LB
12,direction,0.3835916221141815,0.003238596487790346,1.461485743522644,44,B_LB
12,magnitude,0.3835916221141815,0.0007211085758171976,1.3502954244613647,44,B_LB
12,on_manifold_null,0.3835916221141815,4.679638732341118e-05,1.372541904449463,44,B_LB
12,full,0.3835916221141815,0.0021621291525661945,1.4590625762939453,44,B_LB
20,direction,0.918083906173706,0.0015348132001236081,0.8749105930328369,44,B_LB
20,magnitude,0.918083906173706,0.00136002863291651,0.7661044597625732,44,B_LB
20,on_manifold_null,0.918083906173706,0.00028824133914895356,0.8130707144737244,44,B_LB
20,full,0.918083906173706,0.00133304123301059,0.8736649751663208,44,B_LB
24,direction,1.470426321029663,0.0004018081817775965,0.5915269255638123,44,B_LB
24,magnitude,1.470426321029663,0.0001664963347138837,0.4968632459640503,44,B_LB
24,on_manifold_null,1.470426321029663,0.0002630313974805176,0.5486194491386414,44,B_LB
24,full,1.470426321029663,0.00041778222657740116,0.5886028409004211,44,B_LB
27,direction,13.074657440185547,0.00034021970350295305,0.9557214975357056,44,B_LB
27,magnitude,13.074657440185547,1.6173980839084834e-05,1.3132827281951904,44,B_LB
27,on_manifold_null,13.074657440185547,0.0004875672748312354,0.8192737102508545,44,B_LB
27,full,13.074657440185547,0.0003384023439139128,0.9579911828041077,44,B_LB
12,direction,1.29512619972229,0.055430442094802856,0.9722820520401001,45,B_LB
12,magnitude,1.29512619972229,5.196568963583559e-05,1.353533387184143,45,B_LB
12,on_manifold_null,1.29512619972229,8.906733273761347e-05,0.7882198691368103,45,B_LB
12,full,1.29512619972229,0.055453166365623474,0.9789294600486755,45,B_LB
20,direction,3.1359543800354004,0.055457018315792084,1.2082252502441406,45,B_LB
20,magnitude,3.1359543800354004,6.337534432532266e-05,0.8345571756362915,45,B_LB
20,on_manifold_null,3.1359543800354004,0.0001475073950132355,0.9625437259674072,45,B_LB
20,full,3.1359543800354004,0.055530380457639694,1.1874326467514038,45,B_LB
24,direction,6.264578819274902,0.0560913011431694,1.0326082706451416,45,B_LB
24,magnitude,6.264578819274902,0.0001841828488977626,0.6256475448608398,45,B_LB
24,on_manifold_null,6.264578819274902,0.0006508756778202951,0.8294815421104431,45,B_LB
24,full,6.264578819274902,0.056107863783836365,1.0279998779296875,45,B_LB
27,direction,22.248727798461914,0.05591292306780815,0.9885345101356506,45,B_LB
27,magnitude,22.248727798461914,0.00020472955657169223,1.605912208557129,45,B_LB
27,on_manifold_null,22.248727798461914,0.02000570483505726,0.6926072835922241,45,B_LB
27,full,22.248727798461914,0.05440153926610947,1.0319660902023315,45,B_LB
12,direction,0.4334162473678589,0.004420178942382336,1.4056731462478638,46,B_LB
12,magnitude,0.4334162473678589,0.01860842853784561,1.534637212753296,46,B_LB
12,on_manifold_null,0.4334162473678589,0.01028022076934576,1.3203092813491821,46,B_LB
12,full,0.4334162473678589,0.002684221137315035,1.412724494934082,46,B_LB
20,direction,0.8883892297744751,0.005060058087110519,0.823567807674408,46,B_LB
20,magnitude,0.8883892297744751,0.00416208291426301,0.9352062344551086,46,B_LB
20,on_manifold_null,0.8883892297744751,0.01083388365805149,0.7518033981323242,46,B_LB
20,full,0.8883892297744751,0.005262025631964207,0.8258705139160156,46,B_LB
24,direction,1.702505350112915,0.005387072451412678,0.6367402076721191,46,B_LB
24,magnitude,1.702505350112915,0.0010564833646640182,0.7552414536476135,46,B_LB
24,on_manifold_null,1.702505350112915,0.0022709500044584274,0.5718016028404236,46,B_LB
24,full,1.702505350112915,0.005501248873770237,0.6374629139900208,46,B_LB
27,direction,9.142029762268066,0.0010505507234483957,0.814064085483551,46,B_LB
27,magnitude,9.142029762268066,5.847656211699359e-06,1.0767951011657715,46,B_LB
27,on_manifold_null,9.142029762268066,0.0048009371384978294,0.6689133048057556,46,B_LB
27,full,9.142029762268066,0.0011540993582457304,0.8214125633239746,46,B_LB
12,direction,1.6828292608261108,0.11678814142942429,0.9809361696243286,47,B_LB
12,magnitude,1.6828292608261108,1.899200833577197e-05,0.470411479473114,47,B_LB
12,on_manifold_null,1.6828292608261108,0.0007077685440890491,0.8062490224838257,47,B_LB
12,full,1.6828292608261108,0.11705423146486282,0.9467138051986694,47,B_LB
20,direction,4.051163673400879,0.11249823868274689,1.0690990686416626,47,B_LB
20,magnitude,4.051163673400879,0.0006440930301323533,0.5154277682304382,47,B_LB
20,on_manifold_null,4.051163673400879,0.10258780419826508,0.891728401184082,47,B_LB
20,full,4.051163673400879,0.11200928688049316,1.0560734272003174,47,B_LB
24,direction,8.293510437011719,0.10853833705186844,1.0817044973373413,47,B_LB
24,magnitude,8.293510437011719,0.00015977153088897467,1.7147151231765747,47,B_LB
24,on_manifold_null,8.293510437011719,0.0187445729970932,0.9028866291046143,47,B_LB
24,full,8.293510437011719,0.10828374326229095,1.126157522201538,47,B_LB
27,direction,34.94768142700195,0.040839675813913345,1.007465124130249,47,B_LB
27,magnitude,34.94768142700195,0.00014182989252731204,0.03456765040755272,47,B_LB
27,on_manifold_null,34.94768142700195,0.02673928439617157,0.8082998394966125,47,B_LB
27,full,34.94768142700195,0.04187437519431114,0.9541052579879761,47,B_LB
12,direction,3.5554604530334473,0.03885611891746521,1.4455657005310059,48,B_LB
12,magnitude,3.5554604530334473,0.00023541526752524078,2.561781406402588,48,B_LB
12,on_manifold_null,3.5554604530334473,0.004817909561097622,0.8470021486282349,48,B_LB
12,full,3.5554604530334473,0.03890324383974075,1.4791321754455566,48,B_LB
20,direction,5.729094505310059,0.038893923163414,1.0177028179168701,48,B_LB
20,magnitude,5.729094505310059,0.00011134039959870279,1.7677561044692993,48,B_LB
20,on_manifold_null,5.729094505310059,0.048791732639074326,0.8271395564079285,48,B_LB
20,full,5.729094505310059,0.039942704141139984,1.0820282697677612,48,B_LB
24,direction,10.460699081420898,0.04209789261221886,1.1414446830749512,48,B_LB
24,magnitude,10.460699081420898,0.0023444013204425573,0.3750220537185669,48,B_LB
24,on_manifold_null,10.460699081420898,0.0005320414784364402,0.7870848178863525,48,B_LB
24,full,10.460699081420898,0.041679512709379196,1.0541081428527832,48,B_LB
27,direction,32.885562896728516,0.032027825713157654,1.0862840414047241,48,B_LB
27,magnitude,32.885562896728516,0.012333945371210575,0.18373453617095947,48,B_LB
27,on_manifold_null,32.885562896728516,0.031143367290496826,0.7282999157905579,48,B_LB
27,full,32.885562896728516,0.03241167217493057,1.030511498451233,48,B_LB
12,direction,1.1738520860671997,0.0021575158461928368,0.793308436870575,49,B_LB
12,magnitude,1.1738520860671997,5.379675712902099e-06,0.43150293827056885,49,B_LB
12,on_manifold_null,1.1738520860671997,2.1138037482160144e-05,0.6574345231056213,49,B_LB
12,full,1.1738520860671997,0.0021961152087897062,0.7664054036140442,49,B_LB
20,direction,2.430514097213745,0.002183963544666767,0.7919830083847046,49,B_LB
20,magnitude,2.430514097213745,4.758738214150071e-06,1.096713662147522,49,B_LB
20,on_manifold_null,2.430514097213745,1.4476341675617732e-05,0.6994511485099792,49,B_LB
20,full,2.430514097213745,0.002133286325260997,0.7938851714134216,49,B_LB
24,direction,6.317189693450928,0.0019555557519197464,0.8676422238349915,49,B_LB
24,magnitude,6.317189693450928,1.0481906429049559e-05,1.2996584177017212,49,B_LB
24,on_manifold_null,6.317189693450928,5.1622784667415544e-05,0.7253496050834656,49,B_LB
24,full,6.317189693450928,0.0019395018462091684,0.8823317885398865,49,B_LB
27,direction,33.224971771240234,0.0009539956226944923,0.9994169473648071,49,B_LB
27,magnitude,33.224971771240234,3.3315618566120975e-06,1.9157836437225342,49,B_LB
27,on_manifold_null,33.224971771240234,0.02645615115761757,0.8914380669593811,49,B_LB
27,full,33.224971771240234,0.0009423964656889439,1.0143400430679321,49,B_LB
12,direction,0.48452967405319214,0.00041041936492547393,1.449217677116394,50,B_LB
12,magnitude,0.48452967405319214,6.881567242089659e-05,1.6047959327697754,50,B_LB
12,on_manifold_null,0.48452967405319214,0.00013640234828926623,1.3219664096832275,50,B_LB
12,full,0.48452967405319214,0.0004390553222037852,1.4594162702560425,50,B_LB
20,direction,0.848264217376709,0.00038945715641602874,0.8845316767692566,50,B_LB
20,magnitude,0.848264217376709,1.996486389543861e-05,0.7706004977226257,50,B_LB
20,on_manifold_null,0.848264217376709,3.165414454997517e-05,0.8164499998092651,50,B_LB
20,full,0.848264217376709,0.00038873148150742054,0.8809670209884644,50,B_LB
24,direction,1.7541600465774536,0.0005569626810029149,0.6579053997993469,50,B_LB
24,magnitude,1.7541600465774536,1.1080481272074394e-05,0.5250489711761475,50,B_LB
24,on_manifold_null,1.7541600465774536,4.14787937188521e-05,0.5926012396812439,50,B_LB
24,full,1.7541600465774536,0.0005533166113309562,0.6558035612106323,50,B_LB
27,direction,12.673624038696289,0.00037390837678685784,0.8615561723709106,50,B_LB
27,magnitude,12.673624038696289,9.351058906759135e-06,1.200890302658081,50,B_LB
27,on_manifold_null,12.673624038696289,0.00011490636097732931,0.6951364874839783,50,B_LB
27,full,12.673624038696289,0.0004034562152810395,0.8690522313117981,50,B_LB
12,direction,2.5707216262817383,0.08564590662717819,1.5566800832748413,51,B_LB
12,magnitude,2.5707216262817383,0.0254732146859169,2.354492664337158,51,B_LB
12,on_manifold_null,2.5707216262817383,0.2607574462890625,0.9677682518959045,51,B_LB
12,full,2.5707216262817383,0.08132973313331604,1.568549633026123,51,B_LB
20,direction,3.8483901023864746,0.11218958348035812,0.922724723815918,51,B_LB
20,magnitude,3.8483901023864746,0.012306690216064453,1.4302594661712646,51,B_LB
20,on_manifold_null,3.8483901023864746,0.06108473613858223,0.6760239601135254,51,B_LB
20,full,3.8483901023864746,0.11153725534677505,0.9242262840270996,51,B_LB
24,direction,5.909174919128418,0.08551856130361557,0.7171129584312439,51,B_LB
24,magnitude,5.909174919128418,0.0009053554385900497,1.1481767892837524,51,B_LB
24,on_manifold_null,5.909174919128418,0.2102777063846588,0.624655544757843,51,B_LB
24,full,5.909174919128418,0.0856623575091362,0.7287572622299194,51,B_LB
27,direction,29.448604583740234,0.07237645983695984,0.867318868637085,51,B_LB
27,magnitude,29.448604583740234,0.011109990067780018,0.05970084294676781,51,B_LB
27,on_manifold_null,29.448604583740234,0.08209362626075745,0.7393694519996643,51,B_LB
27,full,29.448604583740234,0.07140190899372101,0.8399885296821594,51,B_LB
12,direction,1.368921160697937,0.2551115155220032,1.0214380025863647,52,B_LB
12,magnitude,1.368921160697937,0.00010401222243672237,0.6040982604026794,52,B_LB
12,on_manifold_null,1.368921160697937,4.92930157633964e-05,0.8378980159759521,52,B_LB
12,full,1.368921160697937,0.2573336064815521,0.9992509484291077,52,B_LB
20,direction,3.1313929557800293,0.2554929554462433,1.0436286926269531,52,B_LB
20,magnitude,3.1313929557800293,3.764659049920738e-05,1.4383567571640015,52,B_LB
20,on_manifold_null,3.1313929557800293,0.0001645042939344421,0.822600245475769,52,B_LB
20,full,3.1313929557800293,0.25513049960136414,1.0517401695251465,52,B_LB
24,direction,7.431870460510254,0.25639015436172485,1.1345566511154175,52,B_LB
24,magnitude,7.431870460510254,0.00040576717583462596,0.6160765290260315,52,B_LB
24,on_manifold_null,7.431870460510254,0.025012606754899025,0.9596665501594543,52,B_LB
24,full,7.431870460510254,0.2577524185180664,1.1326619386672974,52,B_LB
27,direction,27.681407928466797,0.2578791677951813,1.059995174407959,52,B_LB
27,magnitude,27.681407928466797,8.680083556100726e-05,1.8417805433273315,52,B_LB
27,on_manifold_null,27.681407928466797,0.0158389899879694,0.6683205962181091,52,B_LB
27,full,27.681407928466797,0.2566820979118347,1.1025824546813965,52,B_LB
12,direction,1.299425721168518,0.12812574207782745,1.390483021736145,53,B_LB
12,magnitude,1.299425721168518,0.00016317717381753027,1.7773702144622803,53,B_LB
12,on_manifold_null,1.299425721168518,0.0009959498420357704,1.137992024421692,53,B_LB
12,full,1.299425721168518,0.12126876413822174,1.3972986936569214,53,B_LB
20,direction,2.014944314956665,0.13936036825180054,0.8274981379508972,53,B_LB
20,magnitude,2.014944314956665,0.000396985124098137,1.0709854364395142,53,B_LB
20,on_manifold_null,2.014944314956665,0.002511315979063511,0.7220204472541809,53,B_LB
20,full,2.014944314956665,0.13628874719142914,0.8355823755264282,53,B_LB
24,direction,3.4095141887664795,0.052517376840114594,0.6438296437263489,53,B_LB
24,magnitude,3.4095141887664795,0.000613569631241262,0.41813305020332336,53,B_LB
24,on_manifold_null,3.4095141887664795,0.0003483158361632377,0.5753333568572998,53,B_LB
24,full,3.4095141887664795,0.05231923609972,0.6436919569969177,53,B_LB
27,direction,24.758285522460938,0.18145529925823212,0.94088214635849,53,B_LB
27,magnitude,24.758285522460938,0.0005953740328550339,0.24611780047416687,53,B_LB
27,on_manifold_null,24.758285522460938,0.012260706163942814,0.689142107963562,53,B_LB
27,full,24.758285522460938,0.18565614521503448,0.9218730926513672,53,B_LB
12,direction,1.6065877676010132,0.039094362407922745,1.5005429983139038,54,B_LB
12,magnitude,1.6065877676010132,0.0005115948151797056,1.035563349723816,54,B_LB
12,on_manifold_null,1.6065877676010132,0.0010407969821244478,1.15300452709198,54,B_LB
12,full,1.6065877676010132,0.04012606665492058,1.4964702129364014,54,B_LB
20,direction,2.495313882827759,0.04055241495370865,0.9411991834640503,54,B_LB
20,magnitude,2.495313882827759,0.000479303824249655,0.6096965074539185,54,B_LB
20,on_manifold_null,2.495313882827759,0.000732451502699405,0.7943732142448425,54,B_LB
20,full,2.495313882827759,0.04115958511829376,0.9367486834526062,54,B_LB
24,direction,3.971484661102295,0.04095928743481636,0.7441430687904358,54,B_LB
24,magnitude,3.971484661102295,0.0015250000869855285,1.0484318733215332,54,B_LB
24,on_manifold_null,3.971484661102295,0.004730096086859703,0.59552001953125,54,B_LB
24,full,3.971484661102295,0.040410663932561874,0.7492634654045105,54,B_LB
27,direction,21.63422203063965,0.03801792487502098,1.004239559173584,54,B_LB
27,magnitude,21.63422203063965,0.0008934701909311116,1.6203502416610718,54,B_LB
27,on_manifold_null,21.63422203063965,0.028732668608427048,0.7301898002624512,54,B_LB
27,full,21.63422203063965,0.03777047619223595,1.0166701078414917,54,B_LB
12,direction,0.3396049737930298,0.0009201834327541292,1.4818838834762573,55,B_LB
12,magnitude,0.3396049737930298,0.00037681724643334746,1.5797805786132812,55,B_LB
12,on_manifold_null,0.3396049737930298,0.0008731601992622018,1.3965352773666382,55,B_LB
12,full,0.3396049737930298,0.0008241054601967335,1.4835100173950195,55,B_LB
20,direction,0.7043981552124023,0.0009152642451226711,0.8791195750236511,55,B_LB
20,magnitude,0.7043981552124023,0.0012053899699822068,0.7959566116333008,55,B_LB
20,on_manifold_null,0.7043981552124023,0.0009923911420628428,0.829059898853302,55,B_LB
20,full,0.7043981552124023,0.0008684555650688708,0.8775669932365417,55,B_LB
24,direction,1.3976112604141235,0.0007156544015742838,0.6388249397277832,55,B_LB
24,magnitude,1.3976112604141235,0.0015579528408125043,0.5489551424980164,55,B_LB
24,on_manifold_null,1.3976112604141235,0.0014654448023065925,0.5931270718574524,55,B_LB
24,full,1.3976112604141235,0.0006906932685524225,0.637208878993988,55,B_LB
27,direction,8.466771125793457,0.0008794754976406693,0.8653618097305298,55,B_LB
27,magnitude,8.466771125793457,0.001983803464099765,0.6331852078437805,55,B_LB
27,on_manifold_null,8.466771125793457,0.00040180940413847566,0.7384544610977173,55,B_LB
27,full,8.466771125793457,0.000903747568372637,0.8598797917366028,55,B_LB
12,direction,0.5011416673660278,0.0011497467057779431,1.5935550928115845,56,B_LB
12,magnitude,0.5011416673660278,0.0002530461351852864,1.7633956670761108,56,B_LB
12,on_manifold_null,0.5011416673660278,0.00017580148414708674,1.4583299160003662,56,B_LB
12,full,0.5011416673660278,0.0012956047430634499,1.5965975522994995,56,B_LB
20,direction,0.9038341641426086,0.0007811191608197987,0.9292477369308472,56,B_LB
20,magnitude,0.9038341641426086,0.000434439949458465,1.053971290588379,56,B_LB
20,on_manifold_null,0.9038341641426086,0.0024574853014200926,0.8574103116989136,56,B_LB
20,full,0.9038341641426086,0.0007458961335942149,0.9303890466690063,56,B_LB
24,direction,1.7920122146606445,0.0005050899344496429,0.7397192716598511,56,B_LB
24,magnitude,1.7920122146606445,9.606832463759929e-05,0.8820276856422424,56,B_LB
24,on_manifold_null,1.7920122146606445,0.0002672522678039968,0.6928133368492126,56,B_LB
24,full,1.7920122146606445,0.0004859340551774949,0.7425448894500732,56,B_LB
27,direction,9.820941925048828,0.00024277631018776447,0.8218531608581543,56,B_LB
27,magnitude,9.820941925048828,6.045184636604972e-05,0.5499292612075806,56,B_LB
27,on_manifold_null,9.820941925048828,5.165804032003507e-05,0.6955915093421936,56,B_LB
27,full,9.820941925048828,0.00028787250630557537,0.8164278268814087,56,B_LB
12,direction,0.9986044764518738,0.0447237603366375,1.2290136814117432,57,B_LB
12,magnitude,0.9986044764518738,4.7386307414853945e-05,1.5624595880508423,57,B_LB
12,on_manifold_null,0.9986044764518738,0.0005133122322149575,0.9809837937355042,57,B_LB
12,full,0.9986044764518738,0.04391081631183624,1.232446551322937,57,B_LB
20,direction,1.48868727684021,0.03802724555134773,0.97060227394104,57,B_LB
20,magnitude,1.48868727684021,5.99598788539879e-05,0.7660160064697266,57,B_LB
20,on_manifold_null,1.48868727684021,0.00046251778258010745,0.8602473735809326,57,B_LB
20,full,1.48868727684021,0.04340194910764694,0.9524862766265869,57,B_LB
24,direction,3.396976947784424,0.04852821305394173,0.8555578589439392,57,B_LB
24,magnitude,3.396976947784424,0.0005619230214506388,0.5942381620407104,57,B_LB
24,on_manifold_null,3.396976947784424,0.0026839745696634054,0.7557335495948792,57,B_LB
24,full,3.396976947784424,0.04760761559009552,0.8440414667129517,57,B_LB
27,direction,16.2650146484375,0.04499724507331848,0.7126821279525757,57,B_LB
27,magnitude,16.2650146484375,0.0036504697054624557,0.26608529686927795,57,B_LB
27,on_manifold_null,16.2650146484375,0.008787903003394604,0.6102455258369446,57,B_LB
27,full,16.2650146484375,0.0445864237844944,0.6706064939498901,57,B_LB
12,direction,0.33851540088653564,0.011066674254834652,1.3693927526474,58,B_LB
12,magnitude,0.33851540088653564,2.6014107788796537e-05,1.2723073959350586,58,B_LB
12,on_manifold_null,0.33851540088653564,2.4527702407795005e-05,1.2907860279083252,58,B_LB
12,full,0.33851540088653564,0.010734940879046917,1.3631428480148315,58,B_LB
20,direction,0.8258886337280273,0.010903309099376202,0.8834261894226074,58,B_LB
20,magnitude,0.8258886337280273,2.02487972273957e-05,0.7786880135536194,58,B_LB
20,on_manifold_null,0.8258886337280273,5.9609512391034514e-05,0.8235300183296204,58,B_LB
20,full,0.8258886337280273,0.010808398947119713,0.8829534649848938,58,B_LB
24,direction,2.6827735900878906,0.00995458010584116,0.8478079438209534,58,B_LB
24,magnitude,2.6827735900878906,4.518992864177562e-05,1.0339986085891724,58,B_LB
24,on_manifold_null,2.6827735900878906,9.231830335920677e-05,0.7203025817871094,58,B_LB
24,full,2.6827735900878906,0.009832642041146755,0.8492428064346313,58,B_LB
27,direction,14.529966354370117,0.007924769073724747,0.9096119999885559,58,B_LB
27,magnitude,14.529966354370117,9.725039126351476e-05,0.4822024405002594,58,B_LB
27,on_manifold_null,14.529966354370117,0.0008259001187980175,0.6874691247940063,58,B_LB
27,full,14.529966354370117,0.007965085096657276,0.8929644227027893,58,B_LB
12,direction,1.6955817937850952,0.08884777128696442,1.0656070709228516,59,B_LB
12,magnitude,1.6955817937850952,9.939940355252475e-05,0.522429347038269,59,B_LB
12,on_manifold_null,1.6955817937850952,0.0005874540656805038,0.733035147190094,59,B_LB
12,full,1.6955817937850952,0.08898395299911499,1.0615442991256714,59,B_LB
20,direction,4.075455665588379,0.08883974701166153,0.8164306879043579,59,B_LB
20,magnitude,4.075455665588379,3.919207665603608e-05,1.3797662258148193,59,B_LB
20,on_manifold_null,4.075455665588379,0.0030922910664230585,0.7202567458152771,59,B_LB
20,full,4.075455665588379,0.08888691663742065,0.8169989585876465,59,B_LB
24,direction,7.356600284576416,0.08668868243694305,0.8594323396682739,59,B_LB
24,magnitude,7.356600284576416,0.00033654767321422696,0.2769984006881714,59,B_LB
24,on_manifold_null,7.356600284576416,0.00259081507101655,0.7651498913764954,59,B_LB
24,full,7.356600284576416,0.08727717399597168,0.848476767539978,59,B_LB
27,direction,32.24042510986328,0.08061181008815765,0.8963004946708679,59,B_LB
27,magnitude,32.24042510986328,1.3576349374488927e-05,0.004207072779536247,59,B_LB
27,on_manifold_null,32.24042510986328,0.004359533544629812,0.7779833674430847,59,B_LB
27,full,32.24042510986328,0.08062310516834259,0.8758301138877869,59,B_LB
